"Judul","","Abstrak","","","","","","","","","","","",""
"Pemanfaatan Kartu Tanda Penduduk Elektronik sebagai Alternatif Otentikasi (Studi Kasus pada Sistem PAuS ID di Universitas Padjadjaran)","","Teknologi NFC (Near Field Communication) merupakan sebuah teknologi yang memudahkan komunikasi antar perangkat secara langsung dengan mendekatkan perangkat yang satu dengan yang lain . Saat ini teknologi NFC telah dibenamkan pada chip yang terdapat dalam Kartu Tanda Penduduk Elektronik (e-KTP) sehingga menjadikan kartu tersebut sebagai sebuah smartcard. Pada Skripsi ini penulis meneliti tentang pemanfaatan Kartu Tanda Penduduk Elektronik sebagai suatu alternatif yang bisa digunakan untuk melakukan otentikasi pada sistem PAuS (Padjadjaran Authentification System) yang terdapat di Universitas Padjadjaran. Implementasi berupa sebuah aplikasi mobile berbasis Android yang dapat menampilkan informasi mahasiswa berupa jadwal kuliah dan transkrip akademik dengan otentikasi menggunakan Kartu Tanda Penduduk Elektronik. Sistem yang telah dibangun diujicoba terhadap 20 orang responden mahasiswa Program Studi S-1 Teknik Informatika angkatan 2012, 2013, 2014 dan 2015. Smartphone yang digunakan terdiri dari 9 seri yang berbeda, dan hasilnya seluruh smartphone dapat menjalankan aplikasi dengan memanfaatkan Kartu Tanda Penduduk Elektronik sebagai alternatif Otentikasi pada Sistem PAuS ID. ","","","","","","","","","","","",""
"Penerapan Data Mining dalam Menganalisis Kepribadian Pengguna Media Sosial dengan Naive Bayes Classifier: Studi Kasus Media Sosial Instagram","","Big Data, Data Mining, Five Factor Model, Instagram, Naïve Bayes Classifier","","","","","","","","","","","",""
"Implementasi Simulasi Wisata Shark Cage Diving dengan Perangkat Virtual Reality Google Cardboard Menggunakan Game Engine Unity 3D","","Shark cage diving merupakan salah satu kegiatan rekreasi yang dilakukan di daerah laut yang dihuni hiu. Tentu tidak semua orang mampu melakukan kegiatan tersebut, tapi dengan teknologi virtual reality, dapat memungkinkan seseorang untuk melihat dan mensimulasikan hal yang belum pernah dilihatnya secara langsung di depan mata. Google Cardboard merupakan salah satu teknologi virtual reality dari beberapa perangkat VR yang ada di pasaran yang mudah dijangkau masyarakat. Selain murah, Google Cardboard mengandalkan kemudahan dalam pemakaiannya dengan perangkat smartphone sebagai layar VR. Dengan game engine Unity 3D, dapat memungkinkan membuat aplikasi VR yang mensimulasikan kegiatan shark cage diving yang dapat digunakan pengguna smartphone dan Google Cardboard dengan mudah. Dari penelitian dan studi lapangan terhadap 30 orang responden menunjukkan bahwa aplikasi VR bisa digunakan sebagai alat rekreasi yang juga menambah wawasan.","","","","","","","","","","","",""
"Enkripsi Konten Blob-Field untuk Pengamanan Data Bank Soal Ujian CBT (Computer Based Test)","","Implementasi teknologi informasi khususnya dalam ujian berbasis komputer (CAT-Computer Assisted Test) mulai banyak digunakan. Kerahasiaan soal yang tersimpan dalam bentuk database menjadi hal utama yang harus diperhatikan, dikarenakan soal yang dipergunakan dalam ujian tidak boleh terpublikasikan (bocor) baik dari sisi peserta test (client) yang menggunakan cat tersebut maupun dari pengelola database (administrator). Dalam paper ini akan dipaparkan salah satu alternative solusi pengamanan soal yang tersimpan dalam bentuk blob-field database yang memuat konten teks maupun konten citra yang disandikan, sehingga konten soal yang aslinya hanya akan terbaca apabila menggunakan aplikasi cat yang sesungguhnya. Teknis penyandian yang dipergunakan dalam blob-field adalah dengan memanfaatkan enkripsi simetrik yang dimunculkan dalam bentuk aplikasi entry bank soal sebagai alat bantu memasukkan soal sekaligus berfungsi","","","","","","","","","","","",""
"Aplikasi Steganografi Suara Menggunakan Metode Phase Coding","","Steganografi adalah salah satu teknik pengamanan informasi dengan menggunakan media sebagai alat untuk bersembunyi seperti gambar, suara, video, atau media lainnya. Metode Phase Coding adalah salah satu metode dalam steganografi suara dengan teknik mengganti nilai fase suatu sinyal suara untuk merepresentasikan nilai dari pesan rahasia yang disisipkan. Pada penelitian ini sistem dibangun menggunakan aplikasi Mathworks MATLAB r2015a dan Microsoft Visual Studio 2015 dengan menggunakan bahasa Visual C#. Pembangunan aplikasi terlebih dahulu dibuat di dalam MATLAB. Aplikasi yang telah selesai dibuat .dll atau library untuk bahasa Visual C#. Pembangunan antarmuka seluruhnya dibangun di dalam bahasa Visual C# lalu dihubungkan dengan .dll dari MATLAB. Hasil yang didapat berkas suara dapat disisipkan pesan rahasia menggunakan metode Phase Coding. Berkas suara hasil dibandingkan dengan berkas suara asli menurut ukuran berkas, bitrate, sample rate, serta kualitas sinyal suara. Berkas suara hasil juga diuji dengan uji ketahanan kompresi dan uji kasat mata pesan rahasia untuk melihat kualitas berkas suara hasil.","","","","","","","","","","","",""
"Metode Back Propagation pada Jaringan Syaraf Tiruan Digunakan untuk Penilaian Kemampuan Bertahan pada Bayi dengan Berat Lahir Rendah","","Bayi berat lahir rendah akan mengalami banyak masalah karena belum siapnya hidup diluar kandungan. Hal tersebut  menyebabkan angka kesakitan dan angka kematian pada bayi meningkat. Data mining dapat digunakan untuk mengetahui penilaian kemampuan bertahan lebih dini pada bayi berat lahir rendah. Jaringan syaraf tiruan backpropagation sebagai teknik dari data mining dapat digunakan untuk menganalisis data sehingga dapat memprediksi kemampuan bertahan pada bayi berat lahir rendah. Pada paper ini dibangun suatu sistem berbasis jaringan syaraf tiruan backpropagation untuk menilai tinggi atau rendahnya kemampuan bertahan pada bayi berat lahir rendah. Dari sistem yang dibuat memiliki tingkat keakuratan untuk menilai kemampuan bertahan bayi berat lahir rendah sebesar 83,33%","","","","","","","","","","","",""
"Aplikasi Steganografi Suara Menggunakan Metode Phase Coding","","Steganografi adalah salah satu teknik pengamanan informasi dengan menggunakan media sebagai alat untuk bersembunyi seperti gambar, suara, video, atau media lainnya. Metode Phase Coding adalah salah satu metode dalam steganografi suara dengan teknik mengganti nilai fase suatu sinyal suara untuk merepresentasikan nilai dari pesan rahasia yang disisipkan. Pada penelitian ini sistem dibangun menggunakan aplikasi Mathworks MATLAB r2015a dan Microsoft Visual Studio 2015 dengan menggunakan bahasa Visual C#. Pembangunan aplikasi terlebih dahulu dibuat di dalam MATLAB. Aplikasi yang telah selesai dibuat .dll atau library untuk bahasa Visual C#. Pembangunan antarmuka seluruhnya dibangun di dalam bahasa Visual C# lalu dihubungkan dengan .dll dari MATLAB. Hasil yang didapat berkas suara dapat disisipkan pesan rahasia menggunakan metode Phase Coding. Berkas suara hasil dibandingkan dengan berkas suara asli menurut ukuran berkas, bitrate, sample rate, serta kualitas sinyal suara. Berkas suara hasil juga diuji dengan uji ketahanan kompresi dan uji kasat mata pesan rahasia untuk melihat kualitas berkas suara hasil","","","","","","","","","","","",""
"Metode Back Propagation pada Jaringan Syaraf Tiruan Digunakan untuk Penilaian Kemampuan Bertahan pada Bayi dengan Berat Lahir Rendah","","Bayi berat lahir rendah akan mengalami banyak masalah karena belum siapnya hidup diluar kandungan. Hal tersebut  menyebabkan angka kesakitan dan angka kematian pada bayi meningkat. Data mining dapat digunakan untuk mengetahui penilaian kemampuan bertahan lebih dini pada bayi berat lahir rendah. Jaringan syaraf tiruan backpropagation sebagai teknik dari data mining dapat digunakan untuk menganalisis data sehingga dapat memprediksi kemampuan bertahan pada bayi berat lahir rendah. Pada paper ini dibangun suatu sistem berbasis jaringan syaraf tiruan backpropagation untuk menilai tinggi atau rendahnya kemampuan bertahan pada bayi berat lahir rendah. Dari sistem yang dibuat memiliki tingkat keakuratan untuk menilai kemampuan bertahan bayi berat lahir rendah sebesar 83,33%.","","","","","","","","","","","",""
"Klasifikasi Newsgroup Menggunakan Vector Space Model dan Novel K Nearest Neighbors","","Salah satu penelitian dalam bidang perolehan informasi yang hingga saat ini masih menjadi kajian adalah kategorisasi teks. Klasifikasi teks dapat membantu manusia untuk menemukan sekumpulan informasi yang relevan sesuai dengan kebutuhan secara cepat. Studi ini mengemukakan tentang proses mengkategorisasikan newsgroup. Data newsgroup dipilih sebagai dataset penelitian dikarenakan newsgroup sendiri merupakan aplikasi yang telah lama dan banyak digunakan oleh orang untuk berdiskusi di dunia maya, sehingga data newsgroup berada dalam jumlah besar dan perlu pengelolaan. Vector space model sebagai representasi fitur dari sebuah dokumen yang dihasilkan setelah melalui proses indexing dan pembobotan menggunakan term frequency. Representasi fitur kemudian diklasifikasikan ke dalam 3 kategori sesuai dengan kelas kategorinya. Dari hasil penelitian diperoleh nilai rata-rata precision sebesar 71% dengan jumlah data yang diklasifikasikan secara benar sebanyak 89 data. Hasil ini diperoleh dari penentuan jumlah k paling optimal yang berada pada nilai 30.","","","","","","","","","","","",""
"Pengaruh Ukuran Jendela Observasi terhadap Kinerja Conditional Random Fields pada Pengenalan Fase Gerak","","Pengenalan gerak merupakan penelitian yang banyak dikaji. Tantangan di dalam melakukan penelitian ini
adalah representasi data disajikan dalam bentuk sekuensial. Untuk dapat mengenali gerak tersebut maka
metode yang digunakan harus mampu merepresentasikan pola sekuensial  di dalam pemodelan.  Oleh
karena itu, pada penelitian ini diajukan Conditional Random Fields.
Pengenalan gerak merupakan penelitian yang banyak dikaji. Tantangan di dalam melakukan penelitian ini
adalah representasi data disajikan dalam bentuk sekuensial. Untuk dapat mengenali gerak tersebut maka
metode yang digunakan harus mampu merepresentasikan pola sekuensial  di dalam pemodelan.  Oleh
karena itu, pada penelitian ini diajukan Conditional Random Fields.
","","","","","","","","","","","",""
"Network Behavior Anomaly Detection (Studi Kasus di Gedung D Pusat Pelayanan Basic Science Universitas Padjadjaran","","Mendeteksi dan memahami anomali dalam aktifitas jaringan merupakan topik yang menjanjikan di bidang keamanan jaringan. Threat atau ancaman keamanan dapat ditemukan dengan mempelajari anomali atau penyimpangan yang terjadi pada jaringan yang diamati. Dalam penelitian ini akan dibahas prosedur pendeteksian anomali dalam aktifitas jaringan, serta klasifikasi dan karakteristik dari threat yang mungkin menjadi penyebab anomali tersebut. Data aktifitas jaringan yang digunakan dalam penelitian ini diperoleh dari proses pemantauan secara langsung, yang diharapkan akan mampu merepresentasikan aktifitas jaringan dalam keadaan sebenarnya. Di bagian akhir penelitian ini akan dilaporkan temuan – temuan yang berhasil didapatkan selama penelitian berlangsung, serta kaitannya dengan aktifitas jaringan dalam kondisi operasional sehari-hari.","","","","","","","","","","","",""
"Analisis Perbandingan Kinerja Metode Binerisasi terhadap Citra Lontar Sunda Kuno","","Lontar Sunda kuno merupakan salah satu warisan budaya yang di dalamnya terdapat nilai-nilai luhur
mengenai kehidupan di masa lampau. Karakter lontar Sunda yang unik serta kualitasnya yang sudah
menurun dan mengalami kerusakan menjadi sebuah tantangan dalam proses analisis dokumen. Oleh
karena itu, agar kita tidak kehilangan informasi yang terkandung di dalam lontar Sunda, diperlukan
berbagai upaya untuk mempertahankan informasi tersebut salah satunya melalui pengolahan citra digital. Pada bidang pengolahan citra digital terdapat beberapa teknik yang dapat digunakan untuk mengekstrak teks dan karakter dari naskah, salah satunya adalah binerisasi. Tujuan penelitian ini adalah mencari teknik binerisasi yang optimal untuk citra lontar Sunda kuno dengan menggunakan teknik-teknik pengolahan citra digital dan beberapa algoritma thresholding yang telah digunakan pada penelitian-penelitian sebelumnya. Hasil citra biner dievaluasi menggunakan PSNR, F-Measure, accuracy, dan SSIM. Dari percobaan yang dilakukan didapat skema teknik binerisasi yang dapat diimplementasikan terhadap citra lontar Sunda dengan hasil evaluasi citra biner memperoleh rata-rata PSNR tertinggi sebesar 6.76436, ratarata tertinggi F-Measure sebesar 60.97154, rata-rata accuracy tertinggi sebesar 92.81805, dan rata-rata SSIM tertinggi sebesar 0.71124.","","","","","","","","","","","",""
"Implementasi Simulasi Wisata Shark Cage Diving dengan Perangkat Virtual Reality Google Cardboard Menggunakan Game Engine Unity 3D","","Shark cage diving merupakan salah satu kegiatan rekreasi yang dilakukan di daerah laut yang dihuni hiu. Tentu tidak semua orang mampu melakukan kegiatan tersebut, tapi dengan teknologi virtual reality, dapat memungkinkan seseorang untuk melihat dan mensimulasikan hal yang belum pernah dilihatnya secara langsung di depan mata. Google Cardboard merupakan salah satu teknologi virtual reality dari beberapa perangkat VR yang ada di pasaran yang mudah dijangkau masyarakat. Selain murah, Google Cardboard mengandalkan kemudahan dalam pemakaiannya dengan perangkat smartphone sebagai layar VR. Dengan game engine Unity 3D, dapat memungkinkan membuat aplikasi VR yang mensimulasikan kegiatan shark cage diving yang dapat digunakan pengguna smartphone dan Google Cardboard dengan mudah. Dari penelitian dan studi lapangan terhadap 30 orang responden menunjukkan bahwa aplikasi VR bisa digunakan sebagai alat rekreasi yang juga menambah wawasan.","","","","","","","","","","","",""
"SISTEM PENDUKUNG KEPUTUSAN PEMBELIAN NOTEBOOK MENGGUNAKAN LOGIKA FUZZY TAHANI","","Notebook adalah perangkat komputer bagi pengguna yang dinamis. Memiliki fungsi seperti komputer secara umum. Dalam pembelian sebuah notebook, banyak hal yang dapat dijadikan parameter penilaian untuk mendukung keputusan. Dalam hal ini, seseorang bisa saja memiliki parameter yang berbeda dengan orang lainnya. Terdapat permasalahan dimana sesorang bisa rumit dalam menentukan notebook mana yang akan dibelinya, oleh karena banyaknya spesifikasi dan harga dari tipe-tipe notebook yang variatif, sementara calon pembeli terkadang kurang dapat memberikan spesifikasi yang jelas terhadap kebutuhan dan keinginannya kepada penjual.","","","","","","","","","","","",""
"RANCANG BANGUN PERANGKAT LUNAK PERFORMANCE DASHBOARD EVALUASI KINERJA KARYAWAN RUMAH SAKIT UMUM PEMERINTAH DENGAN METODE THE MALCOM BALDRIGE NATIONAL QUALITY AWARD (MBNQA)","","Penggunaan alat bantu komputer sebagai alat pendukung dalam bidang manajemen rumah sakit sudah merupakan kebutuhan mutlak.Rumah Sakit Umum Pemerintah adalah bagian yang penting dari suatu sistem kesehatan, dalam jejaring kerja pelayanan kesehatan, rumah sakit menjadi simpul utama yang berfungsi sebagai pusat rujukan.","","","","","","","","","","","",""
"PENENTUAN RUTE TERPENDEK MENUJU PUSAT KESEHATAN MENGGUNAKAN METODE DIJKSTRA BERBASIS WEBGIS (Studi Kasus Kota Balikpapan)","","Pembangunan pusat kesehatan Kota Balikpapan yakni Rumah Sakit dan Puskesmas mengalami kemajuan yang pesat. Hingga tahun 2010 terdapat 13 Rumah Sakit dan 26 Puskesmas yang tersebar di Kota Balikpapan.","","","","","","","","","","","",""
"ANALISIS JARINGAN DENGAN PARAMETER RANDOMIZE FILE SIZE MENGGUNAKAN NETWORK SIMULATOR (NS)","","NS merupakan salah satu tools yang digunakan untuk membuat simulasi jaringan komputer. Simulasi jaringan berbasis TCP/IP dengan berbagai macam media dapat diimplementasikan dengan NS. Manajemen antrian yang dapat diterapkan dalam NS yaitu Random Early Detection (RED), Drop Tail (FIFO), dan Class Based Queueing (CBQ) dengan algoritma routing unicast dan multicast.","","","","","","","","","","","",""
"PERANCANGAN DATA WAREHOUSE PENJUALAN UNTUK PERHITUNGAN LABA RUGI (Studi Kasus di Era 5000 Lembuswana Samarinda)","","Data Warehouse merupakan sistem repository dan merupakan suatu data yang besar dan mengandung informasi dan di digunakan untuk keperluan analisis dan laporan. Selain itu data warehouse juga digunakan untuk mendukung pengambilan keputusan untuk mementukan kebijakan dan straategi yang akan diambil untuk meningkatkan mutu penjualan dan pendapatan kedapannya","","","","","","","","","","","",""
"ANALISIS FAKTOR-FAKTOR YANG BERPENGARUH TERHADAP KEPUTUSAN MAHASISWA (DECISION MAKING) MEMILIH JURUSAN ILMU KOMPUTER FAKULTAS MIPA UNIVERSITAS MULAWARMAN DENGAN MENGGUNAKAN SOFTWARE SPSS","","Berlatar belakang pada pentingnya riset mengenai perilaku konsumen dalam pembelian, perguruan tinggi akan dapat mengenal dan memahami dengan lebih jauh cara konsumennya dalam membuat keputusan baik individu maupun kelompok yang dapat berpengaruh terhadap keputusan memilih atau membeli sebuah produk, yang dalam hal ini adalah jasa pendidikan. ","","","","","","","","","","","",""
"RANCANG BANGUN WEB SERVICE UNTUK PENJUALAN TIKET BUS DAMRI","","Keberadaan jasa transportasi bus bagi masyarakat provinsi Kalimantan Timur sudah tidak asing lagi. Masyarakat Kalimantan Timur masih banyak yang memanfaatkan jasa transportasi bus untuk berpergian.","","","","","","","","","","","",""
"PROBABILISTIC FUZZY NEURAL NETWORK UNTUK DETEKSI DINI PENYAKIT JANTUNG KORONER","","Setiap rule atau aturan dalam menyelesaikan suatu permasalahan memiliki tingkat peran yang berbeda-beda dalam menentukan hasil analisa.","","","","","","","","","","","",""
"PROBABILISTIC FUZZY NEURAL NETWORK UNTUK DETEKSI DINI PENYAKIT JANTUNG KORONER","","etiap rule atau aturan dalam menyelesaikan suatu permasalahan memiliki tingkat peran yang berbeda-beda dalam menentukan hasil analisa. Rule yang berperan besar dipertahankan sedangkan rule yang perannya kecil diminimalisasi. Nilai probabilitas memberikan informasi tentang persebaran data.","","","","","","","","","","","",""
"ANALISIS KEAMANAN SISTEM LOGIN","","Sistem login merupakan suatu hal yang pasti ditemukan didalam dunia internet. Saat seseorang melakukan login pastinya akan memasukkan password dimana password tersebut bersifat privasi dan rahasia. Oleh karena itu, masalah keamanan menjadi masalah yang sangat penting mengingat internet merupakan jaringan publik yang saling terhubung","","","","","","","","","","","",""
"PERANCANGAN SISTEM INFORMASI GEOGRAFIS PENENTUAN JALUR JALAN OPTIMUM KODYA YOGYAKARTA MENGGUNAKAN ALGORITMA DIJKSTRA","","Sistem Informasi Geografis (SIG) adalah teknologi yang menjadi alat bantu dan sangat esensial untuk menyimpan, memanipulasi, menganalisis, dan menampilkan kembali kondisi-kondisi geografis. Terdapat 2 jenis data dalam Sistem Informasi Geografis, yaitu data spasial dan data non-spasial.","","","","","","","","","","","",""
"Sistem Pakar Identifikasi Kerusakan Pada Mobil","","Sistem pakar ini dibuat untuk menjadi diagnosa kerusakan serta perawatan pada mobil dan sistem pakar ini dapat memberikan informasi mengenai solusi kerusakan dan perawatan pada mobil.","","","","","","","","","","","",""
"Desentralisasi Perguruan Tinggi Daerah Untuk Perbaikan Daya Saing di Tingkat Nasional","","Kuantitas perguruan tinggi yang melonjak merupakan salah satu hasil dari diberlakukannya otonomi daerah dan desentralisasi pendidikan, namun sayangnya tidak dibarengi dengan peningkatan kualitas yang seharusnya dicapai.","","","","","","","","","","","",""
"Penerapan Himpunan Fuzzy Untuk Sistem Pendukung Keputusan Pemilihan Telephone Cellular","","Banyak tersedia macam jenis phoncell (telephone cellular) atau ponsel dengan berangekan macam, bentuk, dan harga yang dipasarkan membuat para calon konsumen diperlukan ketepatan dalam memilih ponsel yang sesuai dengan kebutuhannya.","","","","","","","","","","","",""
"Sistem Kriptografi Untuk Text Message Menggunakan Metode Affine","","Kriptografi adalah studi mengenai ilmu dan seni dalam rangka menjaga keamanan data atau informasi yang dikirim dan juga merupakan ilmu untuk bagaimana memecahkan pesan yang terenkripsi (tersamar). Kriptografi juga merupakan ilmu seni penenksripsian dan deskripsian data dapat berupa teks, gambar, atau suara.","","","","","","","","","","","",""
"Aplikasi Sistem Pakar Identifikasi Penyakit Pada Tanaman Pisang","","Dalam perkembangannya pisang tidak terlepas dari gangguan hama dan penyakit. Penelitian ini dilakukan untuk membangun apilkasi sistem pakar mengidentifikasi penyakit pisang dengan menggunakan metode Forward Chaining","","","","","","","","","","","",""
"Memahami Penggunaan UML (Unified Modelling Language)","","Unified Modelling Language merupakan alat perancangan sistem yang berorientasi pada objek. Secara filosofi kemunculan UML diilhami oleh konsep yang telah ada yaitu konsep permodelan Object Oriented (OO), karena konsep ini menganalogikan sistem seperti kehidupan nyata yang didominasi oleh obyek dan digambarkan atau dinotasikan dalam simbol-simbol yang cukup spesifik maka OO memiliki proses standard dan bersifat independen.","","","","","","","","","","","",""
"Analisis dan Perancangan Sistem Manajemen Event Berbasis Mobile Push Notification","","Konvergensi teknologi Internet dan piranti mobile/smartphone saat ini bisa dimanfaatkan secara optimal sebagai salah satu media promosi dan pengelolaan sebuah acara. Dengan keberadaan teknologi push service akan memungkinkan setiap informasi acara baru dapat diterima oleh calon peserta yang prospektif","","","","","","","","","","","",""
"SPASIAL DATA MINING MENGGUNAKAN MODEL SAR-KRIGING","","The region of Indonesia is very sparse and it has a variation condition in social, economic and culture, so the problem in education quality at many locations is an interesting topic to be studied. Database used in this research is Base Survey of National Education 2003, while a spatial data is presented by district coordinate as a least analysis unit.","","","","","","","","","","","",""
"SIM Kemiskinan Sebagai Dasar Informasi Geografis Untuk Pemetaan Prioritas Pengentasan Kemiskinan di Kabupaten Banjarnegara",""," Program pengentasan  kemiskinan merupakan prioritas bagi pemerintah daerah Kabupaten Banjarnegara yang harus ditangani. Penelitan ini bermaksud merancang bangun sebuah sistem informasi yang mengolah data penduduk yang dapat diolah menjadi sebuah informasi  kemiskinan yang dapat diakses  melalui web dengan menggunakan standar indikator kemiskinan menurut BPS","","","","","","","","","","","",""
"Klasifikasi Varietas Tanaman Kelengkeng Berdasarkan Morfologi Daun Menggunakan Backpropagation Neural Network dan Probabilistic Neural Network",""," Pengenalan daun memainkan peran penting dalam klasifikasi tanaman dan isu utamanya terletak pada apakah fitur yang dipilih stabil dan memiliki kemampuan yang baik untuk membedakan berbagai jenis daun. Pengenalan tanaman berbantuan komputer merupakan tugas yang masih sangat menantang dalam visi komputer karena kurangnya model atau skema representasi yang tepat.","","","","","","","","","","","",""
"Rancang Bangun Sistem Penggajian Pegawai Politeknik Kediri","","Sistem Penggajian Pegawai Politeknik Kediri dapat dipergunakan sebagai alat bantu dalam melakukan pengelolaan gaji pegawai dan membantu menyediakan informasi mengenai gaji pegawai dengan mudah dan cepat, karena Sistem Penggajian Pegawai Politeknik Kediri ini berbasis web.","","","","","","","","","","","",""
"Perancangan dan Pembuatan Aplikasi Point of Sale Integrasi Barcode (Studi Kasus : Apotek)","","Sistem informasi dalam dunia globalisasi menuntut untuk lebih cepat akurat dan efisien. Terutama didalam dunia bisnis, sebuah sistem informasi sangat diperlukan untuk membantu segala sesuatu termasuk segala proses dan pendataan suatu transaksi yang terjadi","","","","","","","","","","","",""
"Implementasi Layanan Informasi Obat pada Masyarakat Menggunakan Android SMS Gateway","","Teknologi informasi adalah suatu bentuk teknologi yang membantu manusia dalam membuat, mengubah, menyimpan, mengkomunikasikan dan/atau menyebarkan informasi. Teknologi informasi menyatukan komputasi dan komunikasi data yang berupa teks, audio, video dan/atau dalam bentuk mikroelektronika berbasis kombinasi komputasi dan telekomunikasi.","","","","","","","","","","","",""
"Rancang Bangun Aplikasi Kuisioner Kinerja Dosen dan Staff Politeknik Kediri","","Sistem Penjaminan Mutu Internal (SPMI) Politeknik Kediri merupakan salah satu Unit Kerja yang bertanggung jawab untuk memastikan mutu pelayanan dan pengajaran di Politeknik Kediri. Tugas SPMI adalah mengevaluasi kinerja baik dosen maupun karyawan Politeknik Kediri dalam bentuk kuisioner.","","","","","","","","","","","",""
"Aplikasi Co-Paper untuk Pembimbingan Laporan Tugas Proyek","","Berdasarkan kurikulum Prodi TI tahun 2008, terdapat empat matakuliah berbasis proyek, keseluruhan tugas proyek yang dikerjakan akan didokumentasikan dalam bentuk laporan tugas proyek. Teknologi Web 2.0 telah menjadi salah satu pemicu berkembangnya system komputasi yang dinamis, penelitian ini diharapkan mampu merancang sebuah aplikasi berbasis web 2.0 pada Program Studi Teknik Informatika Politeknik Kediri agar dapat digunakan sebagai media pembimbingan laporan tugas proyek. Aplikasi ini diharapkan mampu membantu beberapa proses proses yaitu entri data laporan, upload file laporan hingga proses pembimbingan berupa pemberian komentar/review oleh dosen pembimbing.","","","","","","","","","","","",""
"Perancangan sistem informasi Learning style inventory berbasis web, Pada STIKOM Bali","","Lembaga pendidikan merupakan tempat yang digunakan untuk melakukan perubahan terhadap seseorang melalui pembelajaran. Terdapat kegagalan ditemukan dari laporan Evaluasi Program Studi Berbasis Evaluasi Diri suatu perguruan tinggi, di mana setelah memasuki beberapa semester banyak mahasiswa mengundurkan diri dengan berbagai alasan, salah satu alasannya dikarenakan ketidakmampuan dalam mengikuti proses pembelajaran.","","","","","","","","","","","",""
"Identifikasi Lokasi Iris Mata Berbasis Tranformasi Hough dan Deteksi Tepi Canny","","Sistem identifikasi berbasis keunikan anggota tubuh manusia berkembang pesat di berbagai bidang aplikasi komersial. Iris mata merupakan salah satu dari sistem identifikasi yang dikembangkan. Hal ini mempengaruhi penelitian-penelitian yang mengarah pada kemampuan untuk menjamin tingkat akurasi dan kehandalan  dalam berbagai kesulitan pada lingkungan yang mengandung noise seperti  pemakaian kacamata, rambut, bulu mata, pengaruh blurring. ","","","","","","","","","","","",""
"Sistem Pendukung Keputusan Penentuan Pemenang Tender Pekerjaan Konstruksi dengan Metode Fuzzy AHP","","Pengambilan keputusan dalam penentuan pemenang tender pekerjaan konstruksi (tidak kompleks) pada pembangunan gedung kuliah Fakultas Ekonomi Univesitas Udayana (UNUD) oleh panitia tender di Bagian Perlengkapan Rektorat UNUD masih dilakukan secara manual (dengan software Microsoft Excel dan Word), sehingga untuk membantu dan mempercepat pengambilan keputusan tersebut (dalam situasi beberapa/banyak peserta tender memenuhi semua evaluasi kriteria dan memiliki harga penawaran terkoreksi terendah yang sama di bawah HPS) maka penelitian ini bertujuan untuk membangun SPK (Sistem Pendukung Keputusan) dengan metode Fuzzy AHP. Versi Fuzzy AHP yang dipakai adalah model Chang (1992) karena memiliki langkah-langkah sederhana dan mudah diaplikasikan pada penelitian ini.","","","","","","","","","","","",""
"PENGARUH PENGGUNAAN PETA PIKIRAN (MIND MAPPING) TERHADAP HASIL BELAJAR KKPI DI SMK NEGERI 1 LEMBAH MELINTANG KABUPATEN PASAMAN BARAT","","The problem in this study was obtained student learning outcomes is low, this is one of the educational problems that occur for students, and can be used as an indicator of the quality of education is still low.","","","","","","","","","","","",""
"KONTRIBUSI PEMANFAATAN PERPUSTAKAAN DIGITAL DAN MINAT BACA TERHADAP INDEKS PRESTASI MAHASISWA PROGRAM STUDI PENDIDIKAN TEKNIK INFORMATIKA TAHUN MASUK 2012 JURUSAN ELEKTRONIKA FAKULTAS TEKNIK UNIVERSITAS NEGERI PADANG","","This study aims to determine the contribution of the utilization of digital libraries and reading interests of students in the Faculty of Informatics Engineering at the State University of Padang to see the results of the achievement index of each student . ","","","","","","","","","","","",""
"Perancangan Sistem Informasi Perpustakaan SMA Negeri 1 Danau Kembar",""," Library management at SMA country 1 twin lake in this time not yet optimal and not based on computerization. aim from library information system sma country 1 twin lake based on web is a information system that designed to give and optimize operator performance","","","","","","","","","","","",""
"ANALISIS PERBANDINGAN ONLINE DAN OFFLINE TRAINING PADA JARINGAN BACKPROPAGATION PADA KASUS PENGENALAN HURUF ABJAD","","Penelitian ini dibuat untuk pembelajaran tentang model jaringan syaraf tiruan yaitu Backpropagation, dimana didalamnya terdapat metode pembelajaran-pembelajaran yang bermanfaat untuk kita ketahui dalam identifikasi masalah sehingga dapat mempelajari model dengan sendirinya dengan memiliki langkah-langkah yang telah kita berikan.","","","","","","","","","","","",""
"PERANCANGAN APLIKASI PENGGAJIAN PADA PERGURUAN TINGGI (STUDI KASUS SEKOLAH TINGGI XYZ)","","Perkembangan teknologi informasi (TI) dan ilmu pengetahuan pada masa globalisasi telah berkolaborasi dengan banyak bidang ilmu lainnya dan merambah ke segala bidang.","","","","","","","","","","","",""
"PERBANDINGAN RAPID CENTROID ESTIMATION (RCE) — K NEAREST NEIGHBOR (K-NN) DENGAN K MEANS — K NEAREST NEIGHBOR (K-NN)","","Teknik Clustering terbukti dapat meningkatkan akurasi dalam melakukan klasifikasi, terutama pada algoritma K-Nearest Neighbor (K-NN).","","","","","","","","","","","",""
"SISTEM PENDETEKSIAN KEMIRIPAN JUDUL SKRIPSI MENGGUNAKAN ALGORITMA WINNOWING","","Proses pengelolaan judul skripsi yang telah ada dan pendistribusian informasi kepada mahasiswa serta penentuan diterima atau tidak terhadap judul-judul yang diajukan oleh mahasiswa masih dilakukan secara manual yaitu dengan mengecek satu-persatu sehingga membutuhkan waktu yang lama dan kurang efektif.","","","","","","","","","","","",""
"PENERAPAN DATAMINING PADA POPULASI DAGING AYAM RAS PEDAGING DI INDONESIA BERDASARKAN PROVINSI MENGGUNAKAN K-MEANS CLUSTERING","","Ayam bukanlah makanan yang asing bagi penduduk Indonesia. Makanan tersebut sangat mudah dijumpai dalam kehidupan masyarakat sehari-hari.","","","","","","","","","","","",""
"SISTEM PENDUKUNG KEPUTUSAN PENERIMA ZAKAT DENGAN METODE SIMPLE ADDITIVE WEIGHTING","","Zakat in Islam is a cleansing of wealth by setting aside some of it and then being distributed to mustahik.","","","","","","","","","","","",""
"IMPLEMENTASI TEKNOLOGI FRAMEWORK YII PADA APLIKASI BERBASIS WEB","","Yii merupakan Framework (kerangka kerja) PHP berbasis komponen, berkinerja tinggi untuk pengembangan aplikasi web berskala besar.","","","","","","","","","","","",""
"SIMULASI INTERKONEKSI ANTARA AUTONOMOUS SYSTEM (AS) MENGGUNAKAN BORDER GATEWAY PROTOCOL (BGP)","","An autonomous system (AS) is the collection of networks having the same set of routing policies. Each AS has administrative control to its own inter-domain routing policy.","","","","","","","","","","","",""
"Knowledge Management System Model pada Forum diskusi Petani Buah Naga menggunakan CMS phpBB","","Buah naga adalah buah yang baru – baru ini dibudidayakan di Indonesia.","","","","","","","","","","","",""
"ANALISA PENENTUAN PERUBAHAN CALON PENERIMA RASTRA (BERAS SEJAHTERA) DENGAN METODE SIMPLE ADDITIVE METHOD (SAW) DI DESA HUIDU KABUPATEN GORONTALO","","Tujuan penelitian ini adalah menerapkan algoritma Simple Additive Method (SAW) dalam kasus penentuan perubahan calon penerima Rastra (Beras Sejahtera) di Desa Huidu Kabupaten Gorontalo.","","","","","","","","","","","",""
"SIMULASI INTERKONEKSI ANTARA AUTONOMOUS SYSTEM (AS) MENGGUNAKAN BORDER GATEWAY PROTOCOL (BGP)","","An autonomous system (AS) is the collection of networks having the same set of routing policies.","","","","","","","","","","","",""
"Knowledge Management System Model pada Forum diskusi Petani Buah Naga menggunakan CMS phpBB","","Buah naga adalah buah yang baru – baru ini dibudidayakan di Indonesia. Banyak yang gemar akan buah naga ini karena banyak sekali khasiatnya.","","","","","","","","","","","",""
"ANALISA PENENTUAN PERUBAHAN CALON PENERIMA RASTRA (BERAS SEJAHTERA) DENGAN METODE SIMPLE ADDITIVE METHOD (SAW) DI DESA HUIDU KABUPATEN GORONTALO","","Tujuan penelitian ini adalah menerapkan algoritma Simple Additive Method (SAW) dalam kasus penentuan perubahan calon penerima Rastra (Beras Sejahtera) di Desa Huidu Kabupaten Gorontalo.","","","","","","","","","","","",""
"ANALISIS PENGGUNAAN PARALLEL PROCESSING MULTITHREADING PADA RESILIENT BACKPROPAGATION","","Proses pembelajaran neural network merupakan hal yang penting, bertujuan untuk mengenali lingkungan. Proses pembelajaran neural network membutuhkan waktu untuk dapat mengenali lingkungan.","","","","","","","","","","","",""
"PERBANDINGAN MAINTAINABILITY, FLEKSIBILITY, TESTABILITY PADA CMS OPEN SOURCE E-COMMERCE","","Content Management System (CMS) open source banyak digunakan dalam website e-commerce.","","","","","","","","","","","",""
"ANALISIS DAN IMPLEMENTASI REPORTING SERVICE PADA APLIKASI ABSENSI PNS MENGGUNAKAN SSRS","","Absensi adalah daftar kehadiran pegawai/siswa, yang berisi jam dating, jam pulang, serta alasan/keterangan kehadiran pegawai. ","","","","","","","","","","","",""
"PENGEMBANGAN WEBSITE DINAMIS MENGGUNAKAN ASP.NET MVC DAN SQL SERVER DENGAN METODE RAD (STUDI KASUS: PT X)","","Pembangunan website dinamis merupakan salah satu kebutuhan bagi beberapa perusahaan. Kebutuhan tersebut dapat berupa sebuah komunikasi dengan pelanggan, sebagai sarana informasi, promosi produk, statistic pengunjung, dan pengelolaan quotation.","","","","","","","","","","","",""
"REVIEW KONSEP RESPONSIVE DESIGN DENGAN FRAMEWORK MATERIALIZE PADA WEBSITE","","Responsive web design merupakan sebuah desain website yang dapat menyesuaikan tiap ukuran pada tiap device.","","","","","","","","","","","",""
"Pengaruh Fungsi Aktivasi, Optimisasi dan Jumlah Epoch Terhadap Performa Jaringan Saraf Tiruan","","Jaringan Saraf Tiruan (JST) adalah salah satu algoritma dalam machine learning yang paling menjanjikan saat ini.","","","","","","","","","","","",""
"Executive Information System Pada UPW (Usaha Perjalanan Wisata) Berbasis Web","","Usaha Perjalanan Wisata (UPW) merupakan sebuah usaha yang bergerak di bidang penyelenggaraan perjalanan wisata, atau yang lebih sering dikenal sebagai usaha Tour and Travel.","","","","","","","","","","","",""
"PENINGKATAN KEAMANAN SUPERVISORY CONTROL AND DATA ACQUISITION (SCADA) PADA SMART GRID SEBAGAI INFRASTRUKTUR KRITIS","","SCADA (Supervisory Control and Data Acquisition) systems as the control unit of the smart grid has been used in almost various industries around the world in terms of automation systems.","","","","","","","","","","","",""
"Analisis Isi SMS Iklan Layanan Telekomunikasi Telkomsel Berdasarkan Undang-undang No. 11 Tahun 2008 Pasal ke-9 Tentang Informasi dan Transaksi Elektronik Periode 2013","","SMS advertising menjadi salah satu metode pemasaran produk saat ini. Layanan produk telekomunikasi bisa diiklankan melalui pesan iklan.","","","","","","","","","","","",""
"PERANCANGAN SISTEM INFORMASI AKADEMIK BERBASIS WEB MENGGUNAKAN FRAMEWORK MVC PADA SEKOLAH TINGGI TEKNOLOGI TERPADU NURUL FIKRI","","Sistem Informasi Akademik Sekolah Tinggi Terpadu Nurul Fikri (SIAK STT-NF) adalah sistem informasi pengelolaan data akademik yang mencakup modul penerimaan mahasiswa baru, administrasi keuangan, rencana studi, absensi, penilaian, laporan studi dan pengelolaan master data.","","","","","","","","","","","",""
"PENGGUNAAN BRUTE FORCE ATTACK DALAM PENERAPANNYA PADA CRYPT8 DAN CSA-RAINBOW TOOL UNTUK MENCARI BISS","","Algoritma Brute Force merupakan suatu aritmatika untuk mencari dan mengetahui sebuah jenis sandi atau kode yang salh satunya sebuah kode acakan misalnya jenis acakan BISS (Basic Interoperable Scrambling System).","","","","","","","","","","","",""
"RANCANG BANGUN SISTEM PENGOLAH DATA SENSUS PENDUDUK BERBASIS MULTI USER DI KECAMATAN MEDAN KOTA","","Penelitian ini dibuat untuk aplikasi sistem yang dapat digunakan dengan mudah dalam melakukan pekerjaan dan mendukung dalam pengambilan keputusan.","","","","","","","","","","","",""
"PORTAL AKADEMIK SEMI-REALTIME AMIK DAN STIKOM TUNAS BANGSA PEMATANGSIANTAR","","Informasi akademik pada Akademi Manajemen Informatika Komputer (AMIK) Tunas Bangsa Pematangsiantar akan tetap menjadi kebutuhan bagi mahasiswa selama mahasiswa masih aktif dalam proses pendidikan.","","","","","","","","","","","",""
"Rancang Bangun Pengontrol Presentasi Berbasis Slide dengan Teknik Analisis Gerakan Jari dan Tangan","","Gerakan tangan mampu membantu proses berpikir karena memberikan gambaran visual pada pembicara.","","","","","","","","","","","",""
"APLIKASI MULTIMEDIA TERJEMAHAN SURAH YASIN DALAM BAHASA JAWA MENGGUNAKAN BAHASA PEMROGRAMAN LINGO","","Surah Yasin adalah salah satu surah dalam Al-Qur’an yang sudah umum dibaca dihampir di setiap pengajian atau di kegiatan keagamaan Islam lainnya sebagai bacaan utama. Berdasarkan data sensus penduduk tahun 2010 dari Badan Pusat Statistik RI, pemeluk agama Islam di daerah Jawa mencapai 62% dan yang terbanyak diantara daerah-daerah lain di Indonesia.","","","","","","","","","","","",""
"PENGENALAN POLA HIV DAN AIDS MENGGUNAKAN ALGORITMA KOHONEN PADA JARINGAN SYARAF TIRUAN BACKPROPAGATION","","Perkembangan tekhnologi saat ini sangat berkembang pesat, sehingga sangat memudahkan untuk mengatasi berbagai masalah.","","","","","","","","","","","",""
"SISTEM INFORMASI DAN PENGOLAHAN DATA KURSUS MOBIL BERBASIS WEB DENGAN SMS GATEWAY DI ARMADA PASURUAN","","Perkembangan teknologi yang pesat khususnya di bidang telekomunikasi atau penyampaian informasi menyebabkan SMS tidak hanya digunakan untuk mengirim informasi antara dua orang bahkan sudah dimanfaatkan oleh sistem komputerisasi sehingga dalam proses penyampaiannya bisa secara otomasis tanpa proses manual.","","","","","","","","","","","",""
"PENGEMBANGAN APLIKASI PENJADWALAN KEGIATAN PELATIHAN TEKNOLOGI INFORMASI DAN KOMUNIKASI DENGAN ALGORITMA GENETIKA (STUDI KASUS: BPRTIK)","","Penelitian ini bertujuan untuk mengembangkan aplikasi yang dapat mengoptimalkan penjadwalan kegiatan di Balai Pelatihan Riset Teknologi Informasi dan Komunikasi (BPRTIK), Ciputat, Tangerang Selatan dengan mengimplementasikan Algoritma Genetika (AG).","","","","","","","","","","","",""
"ANALISIS PERBANDINGAN ALGORITMA KRIPTOGRAFI KLASIK VIGENERE CIPHER DAN ONE TIME PAD","","Kriptografi memiliki peranan yang besar dalam dunia keamanan data.","","","","","","","","","","","",""
"SISTEM PENDUKUNG KEPUTUSAN SELEKSI KARYAWAN MENGGUNAKAN METODE SIMPLE ADDITIVE WEIGHTING PADA PT.PHILIPS SEAFOOD INDONESIA","","Karyawan (sumber daya manusia / SDM) merupakan sumber daya yang sangat penting dalam perusahaan.","","","","","","","","","","","",""
"PERFORMANCE ALGORITMA GENETIKA (GA) PADA PENJADWALAN MATA PELAJARAN","","Algoritma Genetika merupakan sebuah algoritma pencarian heuristik yang sangat baik digunakan dalam menyelesaikan masalah optimasi.","","","","","","","","","","","",""
"PERBANDINGAN KINERJA METODE PRINCIPAL COMPONENT ANALYSIS (PCA) DAN NEURAL NETWORK (NN) PADA PENGENALAN WAJAH","","Deteksi wajah adalah salah satu langkah preprocessing yang palingpenting pada sistem pengenalan wajah yang digunakan dalam identifikasi biometrik.","","","","","","","","","","","",""
"Kalkulator Visual Pada Tulisan Tangan Memanfaatkan Pengenalan Pola Berbasis Aturan Dengan Levenshtein Distance untuk Menghasilkan Informasi Ucapan","","Ketika diberikan tulisan dalam representasi citra, operasi dasar matematika sebenarnya mudah untuk dilakukan oleh manusia karena manusia telah memiliki pengetahuan untuk dapat melakukannya","","","","","","","","","","","",""
"I/O (INPUT/OUTPUT) SCHEDULING PADA PERANGKAT ANDROID DENGAN FLASH MEMORY","","Sistem operasi Android telah mendapatkan pangsa pasar yang besar.","","","","","","","","","","","",""
"IMPLEMENTASI UNIQUE CODE NOMINAL TRANSFER MENGGUNAKAN METODE LINEAR CONGRUENTIAL GENERATOR UNTUK ORDER DEPOSIT","","Seiring dengan perkembangan teknologi yang semakin maju, kecepatan transfer data, validasi admin dan sistem security yang memadai adalah hal yang sangat penting.","","","","","","","","","","","",""
"FRAMEWORK PENGAMANAN DATA DENGAN WHEEL FACTORIZATION PADA ALGORITMA RSA SEBAGAI PEMBANGKIT BILANGAN PRIMA","","Keamanan merupakan sebuah factor yang sangat penting di dalam pengiriman data.","","","","","","","","","","","",""
"ANALISIS PERBANDINGAN SISTEM CLOUD AZURE DAN GOOGLE CLOUD","","Penggunaan sistem operasi sebagai penghubung antara Media Perangkat Keras (Hardware) dengan Perangkat Lunak (Software) sebagai pengendali yang bertujuan untuk menghindari kesalahan-kesalahan dalam melakukan langkah-langkah pengoperasian suatu sistem","","","","","","","","","","","",""
"PEMODELAN SISTEM INFORMASI KEUANGAN DAERAH PADA DIREKTORAT EVALUASI PENDANAAN DAN INFORMASI KEUANGAN DAERAH","","Tata cara pengiriman data informsi keuangan daerah dari pemerintah daerah ke Direktorat EPIKD masih dirasa belum efektif, penyimpanan elemen data yang disatukan dalam sebuah tabel dan penggunaan berkas csv sebagai media berkas pun menjadi kendala tatkala harus di migrasi ke dalam basis data SIKD dan dibuat LKPD sebagai tujuan akhir dari SIKD.","","","","","","","","","","","",""
"Komputerisasi Sistem Pembayaran Iuran Bulanan Untuk Usaha dan Perusahaan Berbasis Client - Server (Studi Eksperimen pada Kantor Desa Dauh Puri Klod)","","This research aim to apply the information technology at process of fee collection to entrepreneur and company at office of countryside of dauh puri klod. This research will be executed at Office of Countryside of Dauh Puri Klod.","","","","","","","","","","","",""
"Identifikasi Anemia Thalasemia Betha Mayor Berdasarkan Morfologi Sel Darah Merah","","Thalasemia Betha (β) Mayor merupakan salah satu kelainan sel darah merah berdasarkan klasifikasi anemia.","","","","","","","","","","","",""
"Implementasi Sistem Informasi Geografis Daerah Pariwisata Kabupaten Temanggung Berbasis Android dengan Global Positioning System (GPS)","","Pariwisata merupakan aspek yang berharga bagi suatu daerah, dan semakin banyak pengunjung maka dapat memajukan kesejahteraan masyarakat di sekitar obyek pariwisata.","","","","","","","","","","","",""
"Peningkatan Akurasi Estimasi Ukuran Perangkat Lunak dengan Menerapkan Logika Samar Metode Mamdani","","Salah satu kunci sukses dari pengembangan perangkat lunak adalah perencanaan.","","","","","","","","","","","",""
"Wireless Sensor Networks For Volcano Activity Monitoring: A Survey","","Pemantauan gunung api merupakan salah satu bidang penerapan Wireless Sensor Network (WSN).","","","","","","","","","","","",""
"Identifikasi Kualitas Beras dengan Citra Digital","","Beras merupakan makanan pokok yang paling banyak di konsumsi oleh masyarakat Indonesia.","","","","","","","","","","","",""
"Model Perangkingan Proyek Kontruksi Pada Asosiasi Kontraktor Menggunakan Fuzzy AHP","","Pemilihan proyek potensial dari paket lelang konstruksi yang ditawarkan merupakan permasalahan yang kompleks pada asosiasi kontraktor.","","","","","","","","","","","",""
"Analisis Hubungan Proses Pembelajaran Dengan Kepuasan Mahasiswa Menggunakan Logika Fuzzy","","Proses belajar mengajar dalam suatu perkuliahan merupakan kegiatan rutin yang dilakukan oleh dosen dalam melaksanakan salah satu tridharmanya yaitu pengajaran.","","","","","","","","","","","",""
"Internalisasi Karakter Konservasi Lingkungan melalui Media Game Deservasi (Kader Konservasi)","","Kepedulian terhadap lingkungan harus dimiliki oleh setiap manusia.","","","","","","","","","","","",""
"Analisis Efektivitas Iklan Jejaring Sosial sebagai Media Promosi Menggunakan EPIC Model","","Keberhasilan dalam sebuah iklan atau promosi yang sesuai dengan kebutuhan masyarakat terhadap Informasi Layanan Pendidikan di jejaring sosial sangat bergantung pada kemasan tampilan yang menarik dan berita yang disampaikan.","","","","","","","","","","","",""
"Implementasi Vector Space Model dalam Pembangkitan Frequently Asked Questions Otomatis dan Solusi yang Relevan untuk Keluhan Pelanggan","","Salah satu keunggulan dari sebuah lembaga/unit pelayanan adalah seberapa cepat dan akurat dalam menangani keluhan pelanggan.","","","","","","","","","","","",""
"Implementasi Network Attached Storage (NAS) Menggunakan NAS4Free untuk Media Backup File","","STMIK Bina Patria Magelang adalah sekolah tinggi yang berada di jalan Raden Saleh No.2 Magelang, yang membidangi dalam ilmu komputer.","","","","","","","","","","","",""
"Penerapan Fuzzy C-Means untuk Deteksi Dini Kemampuan Penalaran Matematis","","Penalaran matematis (mathematical reasoning) merupakan suatu proses berpikir yang dilakukan dengan cara untuk menarik kesimpulan.","","","","","","","","","","","",""
"Analisis Kinerja Pengenalan Telapak Tangan Menggunakan Ekstraksi Ciri Principal Component Analysis (PCA) dan Overlapping Block","","Cara aman untuk mengenali seseorang adalah dengan teknologi biometrik.","","","","","","","","","","","",""
"Pengaruh Kekuatan Media Sosial dalam Pengembangan Kesenjangan Digital","","Langkah yang terbaik untuk mengurangi kesejangan digital adalah menyiapkan masyarakat untuk bisa menerima, menilai, memutuskan dan memilih informasi yang tersedia.","","","","","","","","","","","",""
"Peramalan Nilai Tukar Mata Uang Dollar AS terhadap Rupiah Menggunakan Neural Network Ensemble Bagging","","Artikel ini membahas tentang penggunaan Neural Network Ensembles dengan menggunakan metode Levenberg-Marquardt pada pelatihan masing-masing subsample dan metode Bagging pada penggabungannya untuk meningkatkan hasil dari prediksi model time series.","","","","","","","","","","","",""
"Analisis Sentimen Masyarakat terhadap Calon Presiden Indonesia 2014 berdasarkan Opini dari Twitter Menggunakan Metode Naive Bayes Classifier","","Dalam penelitan ini akan dilakukan analisis sentimen masyarakat terhadap calon presiden dan wakil presiden Indonesia 2014 yang diungkapkan melalui jejaring sosial Twitter. ","","","","","","","","","","","",""
"Perbandingan Metode Probabilistik Naive Bayesian Classifier dan Jaringan Syaraf Tiruan Learning Vector Quantization dalam Kasus Klasifikasi Penyakit Kandungan","","Penyakit kandungan merupakan momok menakutkan bagi kaum wanita.","","","","","","","","","","","",""
"Kombinasi Algoritma Genetika dengan Algoritma Palgunadi untuk Penjadwalan Mata Kuliah di Universitas Sebelas Maret","","Proses penjadwalan mata kuliah menjadi kegiatan sangat penting bagi kegiatan belajar mengajar dalam universitas, karena dengan penjadwalan baik dapat menghasilkan kegiatan belajar mengajar baik pula.","","","","","","","","","","","",""
"Pemanfaatan Web Service Moodle Berbasis REST-JSON untuk Membangun Moodle Online Learning Extension berbasis Android","","Moodle adalah salah satu Learning Management System yang telah memiliki fasilitas komunikasi sistem ke sistem menggunakan web service.","","","","","","","","","","","",""
"Uji Kelayakan Implementasi SSH sebagai Pengaman FTP Server dengan Penetration Testing","","Penelitian ini ditujukan untuk mengukur tingkat keamanan SSH dalam mengamankan transmisi FTP.","","","","","","","","","","","",""
"Penerapan Kombinasi Algoritma Minhash dan Binary Hamming Distance pada Hybrid Perekomendasi Lagu","","Teknik yang biasanya digunakan untuk menghasilkan rekomendasi adalah content-based, social-based dan hybrid.","","","","","","","","","","","",""
"Analisis Perbandingan Menggunakan Metode AHP, TOPSIS, dan AHP-TOPSIS dalam Studi Kasus Sistem Pendukung Keputusan Penerimaan Siswa Program Akselerasi","","Penelitian ini membandingkan tiga metode Sistem Pendukung Keputusan (SPK) yaitu AHP (Analytical Hierarchy Process), TOPSIS (Technique For Order Preference by Similarity to Ideal Solution) dan metode gabungan AHP-TOPSIS dengan mengambil studi kasus mengenai seleksi penerimaan siswa program percepatan belajar (akselerasi) di SMP Negeri 1 Wonogiri.","","","","","","","","","","","",""
"Klasifikasi Risiko Bahaya Kehamilan dengan Metode Fuzzy C-Means","","Tingginya Angka Kematian Ibu di Indonesia dan perkembangan teknologi yang semakin maju memberi banyak tantangan pengembangan teknologi.","","","","","","","","","","","",""
"Audio Watermarking dengan Metode Direct Sequence Spread Spectrum untuk Konten Musik Digital","","Berkembangnya teknologi menimbulkan pelanggaran hak cipta pada konten musik digital semakin rawan terjadi.","","","","","","","","","","","",""
"Analisis Perbandingan Kinerja Kombinasi Algoritma BWT-RLE-MTF-Huffman Dan BWT-MTF-RLE-Huffman Pada Kompresi File","","Kompresi data seringkali digunakan untuk proses transmisi data (data transmission) dan penyimpanan data (storage).","","","","","","","","","","","",""
"Sistem Deteksi Dini Diagnosa ISPA (Infeksi Saluran Pernapasan Akut) pada Anak dengan Metode Cosine Similarity","","Infeksi Saluran Pernapasan Akut (ISPA) merupakan salah satu  masalah kesehatan masyarakat yang utama pada bayi (0-11 bulan) dan balita (1-4 tahun) di Indonesia.","","","","","","","","","","","",""
"Sistem Diagnosa Penyakit Paru Berdasarkan Foto Rontgen Dengan Pendekatan Fuzzy Learning Vector Quantization","","Perkembangan teknologi informasi sangat diperlukan dalam segala bidang, salah satunya dalam bidang kesehatan.","","","","","","","","","","","",""
"Augmented Reality Sebagai Media Informasi Museum Purbakala Sangiran","","Pelestarian dan perawatan situs purbakala yang dilakukan di Museum Purbakala Sangiran merupakan salah satu cara agar sejarah yang ada di situs Sangiran dapat diketahui dan dipelajari oleh masyarakat luas.","","","","","","","","","","","",""
"Peringkasan Konten Video Menggunakan Metode Berbasis Frame Kunci (keyframe)","","Video merupakan kumpulan gambar (frame) yang dibaca berurutan dengan jumlah tertentu tiap detik yang menunjukkan tindakan berkesinambungan dalam urutan gambar.","","","","","","","","","","","",""
"Perbandingan Penggunaan Metode AHP dan SAW untuk Sistem Pendukung Keputusan Pemilihan Paket Layanan Internet","","Kebutuhan akan koneksi internet pada dewasa ini semakin meningkat seiring dengan semakin tingginya kebutuhan manusia akan informasi dan juga komunikasi yang dapat diperoleh dengan menggunakan internet.","","","","","","","","","","","",""
"Program Transliterasi Antara Aksara Latin dan Aksara Jawa dengan Metode FSA","","Aksara Jawa semakin ditinggalkan seiring dengan diperkenalkannya penulisan Latin atau Roman yang telah menjadi standar dunia internasional.","","","","","","","","","","","",""
"Penerapan Metode Collaborative Filtering Menggunakan Rating Implisit pada Sistem Perekomendasi Pemilihan Film di Rental VCD","","Untuk membangkitkan rekomendasi film yang bersifat personal dan dapat sedikit di luar dugaan bagi member di suatu rental VCD, diterapkan metode collaborative filtering recommendation.","","","","","","","","","","","",""
"Pembangunan Aplikasi Penyembunyian Pesan Menggunakan Metode End Of File (EOF) ke dalam Citra Digital Terhadap Pesan yang Terenkripsi Dengan Algoritma RSA","","Kriptografi adalah ilmu tulisan rahasia dengan tujuan menyembunyikan makna pesan.","","","","","","","","","","","",""
"PENGEMBANGAN MEDIA CHATTING ONLINE DENGAN FITUR ALIH BAHASA MELALUI PENDEKATAN METODE RULE BASED DALAM PROSES PENERJEMAHAN CHAT","","Komunikasi informasi merupakan trend yang dapat memperlancar media komunikasi yang statis.","","","","","","","","","","","",""
